timestamp,direction,src_ip,src_port,dst_ip,dst_port,payload
1766818325.9124362,Pico->Unity,192.168.0.4,57140,127.0.0.1,5005,"0,0.003"
1766818326.0155756,Pico->Unity,192.168.0.4,57140,127.0.0.1,5005,"0,0.003"
1766818326.1226118,Pico->Unity,192.168.0.4,57140,127.0.0.1,5005,"0,0.003"
1766818326.2266357,Pico->Unity,192.168.0.4,57140,127.0.0.1,5005,"0,0.003"
1766818326.3229597,Pico->Unity,192.168.0.4,57140,127.0.0.1,5005,"0,0.004"
1766818326.4352174,Pico->Unity,192.168.0.4,57140,127.0.0.1,5005,"0,0.004"
1766818326.5459502,Pico->Unity,192.168.0.4,57140,127.0.0.1,5005,"0,0.004"
1766818326.630566,Pico->Unity,192.168.0.4,57140,127.0.0.1,5005,"0,0.004"
1766818326.770783,Pico->Unity,192.168.0.4,57140,127.0.0.1,5005,"0,0.005"
1766818326.8381033,Pico->Unity,192.168.0.4,57140,127.0.0.1,5005,"0,0.006"
1766818326.9420805,Pico->Unity,192.168.0.4,57140,127.0.0.1,5005,"0,0.005"
1766818327.0423126,Pico->Unity,192.168.0.4,57140,127.0.0.1,5005,"0,0.006"
1766818327.1465836,Pico->Unity,192.168.0.4,57140,127.0.0.1,5005,"0,0.006"
1766818327.254206,Pico->Unity,192.168.0.4,57140,127.0.0.1,5005,"0,0.006"
1766818327.3523781,Pico->Unity,192.168.0.4,57140,127.0.0.1,5005,"0,0.007"
1766818327.4546926,Pico->Unity,192.168.0.4,57140,127.0.0.1,5005,"0,0.017"
1766818327.5592842,Pico->Unity,192.168.0.4,57140,127.0.0.1,5005,"0,0.050"
1766818327.6607676,Pico->Unity,192.168.0.4,57140,127.0.0.1,5005,"0,0.069"
1766818327.7643304,Pico->Unity,192.168.0.4,57140,127.0.0.1,5005,"0,0.094"
1766818327.8696067,Pico->Unity,192.168.0.4,57140,127.0.0.1,5005,"0,0.112"
1766818327.9697206,Pico->Unity,192.168.0.4,57140,127.0.0.1,5005,"0,0.122"
1766818328.0846844,Pico->Unity,192.168.0.4,57140,127.0.0.1,5005,"0,0.144"
1766818328.1769319,Pico->Unity,192.168.0.4,57140,127.0.0.1,5005,"0,0.181"
1766818328.2792833,Pico->Unity,192.168.0.4,57140,127.0.0.1,5005,"0,0.214"
1766818328.2871122,Unity->Pico,127.0.0.1,65515,192.168.0.4,5001,"0,0.033"
1766818328.3897476,Pico->Unity,192.168.0.4,57140,127.0.0.1,5005,"0,0.245"
1766818328.403883,Unity->Pico,127.0.0.1,65515,192.168.0.4,5001,"0,0.839"
1766818328.4862802,Pico->Unity,192.168.0.4,57140,127.0.0.1,5005,"0,0.260"
1766818328.5024476,Unity->Pico,127.0.0.1,65515,192.168.0.4,5001,"0,1.000"
1766818328.5890682,Pico->Unity,192.168.0.4,57140,127.0.0.1,5005,"0,0.268"
1766818328.735907,Pico->Unity,192.168.0.4,57140,127.0.0.1,5005,"0,0.269"
1766818328.7951968,Pico->Unity,192.168.0.4,57140,127.0.0.1,5005,"0,0.269"
1766818328.8999171,Pico->Unity,192.168.0.4,57140,127.0.0.1,5005,"0,0.269"
1766818329.0225134,Pico->Unity,192.168.0.4,57140,127.0.0.1,5005,"0,0.269"
1766818329.1041584,Pico->Unity,192.168.0.4,57140,127.0.0.1,5005,"0,0.269"
1766818329.207733,Pico->Unity,192.168.0.4,57140,127.0.0.1,5005,"0,0.269"
1766818329.3494499,Pico->Unity,192.168.0.4,57140,127.0.0.1,5005,"0,0.269"
1766818329.4140258,Pico->Unity,192.168.0.4,57140,127.0.0.1,5005,"0,0.269"
1766818329.5182228,Pico->Unity,192.168.0.4,57140,127.0.0.1,5005,"0,0.269"
1766818329.619836,Pico->Unity,192.168.0.4,57140,127.0.0.1,5005,"0,0.269"
1766818329.72238,Pico->Unity,192.168.0.4,57140,127.0.0.1,5005,"0,0.269"
1766818329.8270266,Pico->Unity,192.168.0.4,57140,127.0.0.1,5005,"0,0.269"
1766818329.9295468,Pico->Unity,192.168.0.4,57140,127.0.0.1,5005,"0,0.269"
1766818330.0322402,Pico->Unity,192.168.0.4,57140,127.0.0.1,5005,"0,0.268"
1766818330.1339028,Pico->Unity,192.168.0.4,57140,127.0.0.1,5005,"0,0.269"
1766818330.2386107,Pico->Unity,192.168.0.4,57140,127.0.0.1,5005,"0,0.268"
1766818330.3529449,Pico->Unity,192.168.0.4,57140,127.0.0.1,5005,"0,0.268"
1766818330.4561665,Pico->Unity,192.168.0.4,57140,127.0.0.1,5005,"0,0.268"
1766818330.5472026,Pico->Unity,192.168.0.4,57140,127.0.0.1,5005,"0,0.268"
1766818330.660657,Pico->Unity,192.168.0.4,57140,127.0.0.1,5005,"0,0.259"
1766818330.7656357,Pico->Unity,192.168.0.4,57140,127.0.0.1,5005,"0,0.243"
1766818330.7842252,Unity->Pico,127.0.0.1,65515,192.168.0.4,5001,"0,0.791"
1766818330.8651707,Pico->Unity,192.168.0.4,57140,127.0.0.1,5005,"0,0.241"
1766818330.8824444,Unity->Pico,127.0.0.1,65515,192.168.0.4,5001,"0,0.739"
1766818330.968902,Pico->Unity,192.168.0.4,57140,127.0.0.1,5005,"0,0.242"
1766818330.9840832,Unity->Pico,127.0.0.1,65515,192.168.0.4,5001,"0,0.766"
1766818331.0862522,Pico->Unity,192.168.0.4,57140,127.0.0.1,5005,"0,0.241"
1766818331.1036105,Unity->Pico,127.0.0.1,65515,192.168.0.4,5001,"0,0.739"
1766818331.1740825,Pico->Unity,192.168.0.4,57140,127.0.0.1,5005,"0,0.242"
1766818331.1847591,Unity->Pico,127.0.0.1,65515,192.168.0.4,5001,"0,0.766"
1766818331.27581,Pico->Unity,192.168.0.4,57140,127.0.0.1,5005,"0,0.242"
1766818331.3790762,Pico->Unity,192.168.0.4,57140,127.0.0.1,5005,"0,0.242"
1766818331.4807055,Pico->Unity,192.168.0.4,57140,127.0.0.1,5005,"0,0.242"
1766818331.582414,Pico->Unity,192.168.0.4,57140,127.0.0.1,5005,"0,0.242"
1766818331.686892,Pico->Unity,192.168.0.4,57140,127.0.0.1,5005,"0,0.242"
1766818331.8038497,Pico->Unity,192.168.0.4,57140,127.0.0.1,5005,"0,0.242"
1766818331.889967,Pico->Unity,192.168.0.4,57140,127.0.0.1,5005,"0,0.242"
1766818331.9977958,Pico->Unity,192.168.0.4,57140,127.0.0.1,5005,"0,0.242"
1766818332.0960379,Pico->Unity,192.168.0.4,57140,127.0.0.1,5005,"0,0.242"
1766818332.1982849,Pico->Unity,192.168.0.4,57140,127.0.0.1,5005,"0,0.242"
1766818332.300513,Pico->Unity,192.168.0.4,57140,127.0.0.1,5005,"0,0.242"
1766818332.418201,Pico->Unity,192.168.0.4,57140,127.0.0.1,5005,"0,0.241"
1766818332.4251869,Unity->Pico,127.0.0.1,65515,192.168.0.4,5001,"0,0.739"
1766818332.5084276,Pico->Unity,192.168.0.4,57140,127.0.0.1,5005,"0,0.241"
1766818332.6080894,Pico->Unity,192.168.0.4,57140,127.0.0.1,5005,"0,0.242"
1766818332.6231735,Unity->Pico,127.0.0.1,65515,192.168.0.4,5001,"0,0.766"
1766818332.7100418,Pico->Unity,192.168.0.4,57140,127.0.0.1,5005,"0,0.242"
1766818332.8137903,Pico->Unity,192.168.0.4,57140,127.0.0.1,5005,"0,0.242"
1766818332.9150417,Pico->Unity,192.168.0.4,57140,127.0.0.1,5005,"0,0.242"
1766818333.0375876,Pico->Unity,192.168.0.4,57140,127.0.0.1,5005,"0,0.242"
1766818333.120565,Pico->Unity,192.168.0.4,57140,127.0.0.1,5005,"0,0.242"
1766818333.2217386,Pico->Unity,192.168.0.4,57140,127.0.0.1,5005,"0,0.242"
1766818333.3243933,Pico->Unity,192.168.0.4,57140,127.0.0.1,5005,"0,0.241"
1766818333.345153,Unity->Pico,127.0.0.1,65515,192.168.0.4,5001,"0,0.739"
1766818333.428148,Pico->Unity,192.168.0.4,57140,127.0.0.1,5005,"0,0.242"
1766818333.4421277,Unity->Pico,127.0.0.1,65515,192.168.0.4,5001,"0,0.766"
1766818333.5299628,Pico->Unity,192.168.0.4,57140,127.0.0.1,5005,"0,0.241"
1766818333.5435405,Unity->Pico,127.0.0.1,65515,192.168.0.4,5001,"0,0.739"
1766818333.6330721,Pico->Unity,192.168.0.4,57140,127.0.0.1,5005,"0,0.241"
1766818333.7355664,Pico->Unity,192.168.0.4,57140,127.0.0.1,5005,"0,0.242"
1766818333.7437687,Unity->Pico,127.0.0.1,65515,192.168.0.4,5001,"0,0.766"
1766818333.83983,Pico->Unity,192.168.0.4,57140,127.0.0.1,5005,"0,0.242"
1766818333.9417646,Pico->Unity,192.168.0.4,57140,127.0.0.1,5005,"0,0.242"
1766818334.0448055,Pico->Unity,192.168.0.4,57140,127.0.0.1,5005,"0,0.241"
1766818334.0638628,Unity->Pico,127.0.0.1,65515,192.168.0.4,5001,"0,0.739"
1766818334.1471434,Pico->Unity,192.168.0.4,57140,127.0.0.1,5005,"0,0.242"
1766818334.164821,Unity->Pico,127.0.0.1,65515,192.168.0.4,5001,"0,0.766"
1766818334.2599468,Pico->Unity,192.168.0.4,57140,127.0.0.1,5005,"0,0.243"
1766818334.2646143,Unity->Pico,127.0.0.1,65515,192.168.0.4,5001,"0,0.791"
1766818334.3643923,Pico->Unity,192.168.0.4,57140,127.0.0.1,5005,"0,0.244"
1766818334.3842294,Unity->Pico,127.0.0.1,65515,192.168.0.4,5001,"0,0.816"
1766818334.4656577,Pico->Unity,192.168.0.4,57140,127.0.0.1,5005,"0,0.245"
1766818334.4827673,Unity->Pico,127.0.0.1,65515,192.168.0.4,5001,"0,0.839"
1766818334.5688286,Pico->Unity,192.168.0.4,57140,127.0.0.1,5005,"0,0.246"
1766818334.5830808,Unity->Pico,127.0.0.1,65515,192.168.0.4,5001,"0,0.861"
1766818334.6713073,Pico->Unity,192.168.0.4,57140,127.0.0.1,5005,"0,0.247"
1766818334.6835375,Unity->Pico,127.0.0.1,65515,192.168.0.4,5001,"0,0.882"
1766818334.7740304,Pico->Unity,192.168.0.4,57140,127.0.0.1,5005,"0,0.247"
1766818334.8740098,Pico->Unity,192.168.0.4,57140,127.0.0.1,5005,"0,0.248"
1766818334.8838646,Unity->Pico,127.0.0.1,65515,192.168.0.4,5001,"0,0.901"
1766818334.9912477,Pico->Unity,192.168.0.4,57140,127.0.0.1,5005,"0,0.248"
1766818335.081561,Pico->Unity,192.168.0.4,57140,127.0.0.1,5005,"0,0.249"
1766818335.0839045,Unity->Pico,127.0.0.1,65515,192.168.0.4,5001,"0,0.919"
1766818335.180043,Pico->Unity,192.168.0.4,57140,127.0.0.1,5005,"0,0.250"
1766818335.2037668,Unity->Pico,127.0.0.1,65515,192.168.0.4,5001,"0,0.936"
1766818335.283104,Pico->Unity,192.168.0.4,57140,127.0.0.1,5005,"0,0.250"
1766818335.3874612,Pico->Unity,192.168.0.4,57140,127.0.0.1,5005,"0,0.253"
1766818335.4030244,Unity->Pico,127.0.0.1,65515,192.168.0.4,5001,"0,0.974"
1766818335.4870622,Pico->Unity,192.168.0.4,57140,127.0.0.1,5005,"0,0.253"
1766818335.6035554,Pico->Unity,192.168.0.4,57140,127.0.0.1,5005,"0,0.251"
1766818335.624556,Unity->Pico,127.0.0.1,65515,192.168.0.4,5001,"0,0.950"
1766818335.6950922,Pico->Unity,192.168.0.4,57140,127.0.0.1,5005,"0,0.250"
1766818335.7038796,Unity->Pico,127.0.0.1,65515,192.168.0.4,5001,"0,0.936"
1766818335.7966537,Pico->Unity,192.168.0.4,57140,127.0.0.1,5005,"0,0.241"
1766818335.803552,Unity->Pico,127.0.0.1,65515,192.168.0.4,5001,"0,0.739"
1766818335.903423,Pico->Unity,192.168.0.4,57140,127.0.0.1,5005,"0,0.241"
1766818336.0022528,Pico->Unity,192.168.0.4,57140,127.0.0.1,5005,"0,0.241"
1766818336.1045928,Pico->Unity,192.168.0.4,57140,127.0.0.1,5005,"0,0.241"
1766818336.2078836,Pico->Unity,192.168.0.4,57140,127.0.0.1,5005,"0,0.241"
1766818336.3114946,Pico->Unity,192.168.0.4,57140,127.0.0.1,5005,"0,0.241"
1766818336.4140224,Pico->Unity,192.168.0.4,57140,127.0.0.1,5005,"0,0.241"
1766818336.516549,Pico->Unity,192.168.0.4,57140,127.0.0.1,5005,"0,0.241"
1766818336.620794,Pico->Unity,192.168.0.4,57140,127.0.0.1,5005,"0,0.241"
1766818336.721708,Pico->Unity,192.168.0.4,57140,127.0.0.1,5005,"0,0.243"
1766818336.7441733,Unity->Pico,127.0.0.1,65515,192.168.0.4,5001,"0,0.791"
1766818336.8262072,Pico->Unity,192.168.0.4,57140,127.0.0.1,5005,"0,0.244"
1766818336.8449066,Unity->Pico,127.0.0.1,65515,192.168.0.4,5001,"0,0.816"
1766818336.9304118,Pico->Unity,192.168.0.4,57140,127.0.0.1,5005,"0,0.246"
1766818336.9431405,Unity->Pico,127.0.0.1,65515,192.168.0.4,5001,"0,0.861"
1766818337.0328274,Pico->Unity,192.168.0.4,57140,127.0.0.1,5005,"0,0.246"
1766818337.1404636,Pico->Unity,192.168.0.4,57140,127.0.0.1,5005,"0,0.257"
1766818337.144453,Unity->Pico,127.0.0.1,65515,192.168.0.4,5001,"0,0.999"
1766818337.2433333,Pico->Unity,192.168.0.4,57140,127.0.0.1,5005,"0,0.257"
1766818337.3454049,Pico->Unity,192.168.0.4,57140,127.0.0.1,5005,"0,0.257"
1766818337.4524097,Pico->Unity,192.168.0.4,57140,127.0.0.1,5005,"0,0.257"
1766818337.558493,Pico->Unity,192.168.0.4,57140,127.0.0.1,5005,"0,0.257"
1766818337.653719,Pico->Unity,192.168.0.4,57140,127.0.0.1,5005,"0,0.258"
1766818337.756459,Pico->Unity,192.168.0.4,57140,127.0.0.1,5005,"0,0.257"
1766818337.8645694,Pico->Unity,192.168.0.4,57140,127.0.0.1,5005,"0,0.258"
1766818337.9616268,Pico->Unity,192.168.0.4,57140,127.0.0.1,5005,"0,0.257"
1766818338.0622761,Pico->Unity,192.168.0.4,57140,127.0.0.1,5005,"0,0.258"
1766818338.1642761,Pico->Unity,192.168.0.4,57140,127.0.0.1,5005,"0,0.257"
1766818338.2695217,Pico->Unity,192.168.0.4,57140,127.0.0.1,5005,"0,0.257"
1766818338.3708174,Pico->Unity,192.168.0.4,57140,127.0.0.1,5005,"0,0.258"
1766818338.4741693,Pico->Unity,192.168.0.4,57140,127.0.0.1,5005,"0,0.257"
1766818338.5766141,Pico->Unity,192.168.0.4,57140,127.0.0.1,5005,"0,0.255"
1766818338.6805258,Pico->Unity,192.168.0.4,57140,127.0.0.1,5005,"0,0.256"
1766818338.783286,Pico->Unity,192.168.0.4,57140,127.0.0.1,5005,"0,0.253"
1766818338.8031502,Unity->Pico,127.0.0.1,65515,192.168.0.4,5001,"0,0.974"
1766818338.8852615,Pico->Unity,192.168.0.4,57140,127.0.0.1,5005,"0,0.253"
1766818338.9869325,Pico->Unity,192.168.0.4,57140,127.0.0.1,5005,"0,0.245"
1766818339.004444,Unity->Pico,127.0.0.1,65515,192.168.0.4,5001,"0,0.839"
1766818339.088743,Pico->Unity,192.168.0.4,57140,127.0.0.1,5005,"0,0.241"
1766818339.1036608,Unity->Pico,127.0.0.1,65515,192.168.0.4,5001,"0,0.739"
1766818339.1936607,Pico->Unity,192.168.0.4,57140,127.0.0.1,5005,"0,0.241"
1766818339.2964969,Pico->Unity,192.168.0.4,57140,127.0.0.1,5005,"0,0.240"
1766818339.304261,Unity->Pico,127.0.0.1,65515,192.168.0.4,5001,"0,0.712"
1766818339.398669,Pico->Unity,192.168.0.4,57140,127.0.0.1,5005,"0,0.241"
1766818339.4036279,Unity->Pico,127.0.0.1,65515,192.168.0.4,5001,"0,0.739"
1766818339.5020387,Pico->Unity,192.168.0.4,57140,127.0.0.1,5005,"0,0.240"
1766818339.5237424,Unity->Pico,127.0.0.1,65515,192.168.0.4,5001,"0,0.712"
1766818339.605036,Pico->Unity,192.168.0.4,57140,127.0.0.1,5005,"0,0.241"
1766818339.6232717,Unity->Pico,127.0.0.1,65515,192.168.0.4,5001,"0,0.739"
1766818339.7053332,Pico->Unity,192.168.0.4,57140,127.0.0.1,5005,"0,0.241"
1766818339.8085892,Pico->Unity,192.168.0.4,57140,127.0.0.1,5005,"0,0.240"
1766818339.8237133,Unity->Pico,127.0.0.1,65515,192.168.0.4,5001,"0,0.712"
1766818339.9116445,Pico->Unity,192.168.0.4,57140,127.0.0.1,5005,"0,0.240"
1766818340.0149155,Pico->Unity,192.168.0.4,57140,127.0.0.1,5005,"0,0.240"
1766818340.117413,Pico->Unity,192.168.0.4,57140,127.0.0.1,5005,"0,0.240"
1766818340.2222877,Pico->Unity,192.168.0.4,57140,127.0.0.1,5005,"0,0.241"
1766818340.242917,Unity->Pico,127.0.0.1,65515,192.168.0.4,5001,"0,0.739"
1766818340.3236198,Pico->Unity,192.168.0.4,57140,127.0.0.1,5005,"0,0.240"
1766818340.3450527,Unity->Pico,127.0.0.1,65515,192.168.0.4,5001,"0,0.712"
1766818340.427272,Pico->Unity,192.168.0.4,57140,127.0.0.1,5005,"0,0.240"
1766818340.5297074,Pico->Unity,192.168.0.4,57140,127.0.0.1,5005,"0,0.241"
1766818340.5446644,Unity->Pico,127.0.0.1,65515,192.168.0.4,5001,"0,0.739"
1766818340.633124,Pico->Unity,192.168.0.4,57140,127.0.0.1,5005,"0,0.240"
1766818340.64363,Unity->Pico,127.0.0.1,65515,192.168.0.4,5001,"0,0.712"
1766818340.7354205,Pico->Unity,192.168.0.4,57140,127.0.0.1,5005,"0,0.241"
1766818340.7436814,Unity->Pico,127.0.0.1,65515,192.168.0.4,5001,"0,0.739"
1766818340.8392255,Pico->Unity,192.168.0.4,57140,127.0.0.1,5005,"0,0.240"
1766818340.8451982,Unity->Pico,127.0.0.1,65515,192.168.0.4,5001,"0,0.712"
1766818340.9416091,Pico->Unity,192.168.0.4,57140,127.0.0.1,5005,"0,0.241"
1766818340.9633691,Unity->Pico,127.0.0.1,65515,192.168.0.4,5001,"0,0.739"
1766818341.0448825,Pico->Unity,192.168.0.4,57140,127.0.0.1,5005,"0,0.240"
1766818341.0642982,Unity->Pico,127.0.0.1,65515,192.168.0.4,5001,"0,0.712"
1766818341.1578887,Pico->Unity,192.168.0.4,57140,127.0.0.1,5005,"0,0.240"
1766818341.2519906,Pico->Unity,192.168.0.4,57140,127.0.0.1,5005,"0,0.241"
1766818341.2631326,Unity->Pico,127.0.0.1,65515,192.168.0.4,5001,"0,0.739"
1766818341.3664505,Pico->Unity,192.168.0.4,57140,127.0.0.1,5005,"0,0.240"
1766818341.3833277,Unity->Pico,127.0.0.1,65515,192.168.0.4,5001,"0,0.712"
1766818341.4770274,Pico->Unity,192.168.0.4,57140,127.0.0.1,5005,"0,0.241"
1766818341.4835625,Unity->Pico,127.0.0.1,65515,192.168.0.4,5001,"0,0.739"
1766818341.576608,Pico->Unity,192.168.0.4,57140,127.0.0.1,5005,"0,0.240"
1766818341.5844598,Unity->Pico,127.0.0.1,65515,192.168.0.4,5001,"0,0.712"
1766818341.6741679,Pico->Unity,192.168.0.4,57140,127.0.0.1,5005,"0,0.241"
1766818341.6835997,Unity->Pico,127.0.0.1,65515,192.168.0.4,5001,"0,0.739"
1766818341.8798292,Pico->Unity,192.168.0.4,57140,127.0.0.1,5005,"0,0.240"
1766818341.881269,Pico->Unity,192.168.0.4,57140,127.0.0.1,5005,"0,0.241"
1766818341.980985,Pico->Unity,192.168.0.4,57140,127.0.0.1,5005,"0,0.240"
1766818341.9830182,Unity->Pico,127.0.0.1,65515,192.168.0.4,5001,"0,0.712"
1766818342.0929294,Pico->Unity,192.168.0.4,57140,127.0.0.1,5005,"0,0.240"
1766818342.1942508,Pico->Unity,192.168.0.4,57140,127.0.0.1,5005,"0,0.240"
1766818342.2910528,Pico->Unity,192.168.0.4,57140,127.0.0.1,5005,"0,0.240"
1766818342.4130535,Pico->Unity,192.168.0.4,57140,127.0.0.1,5005,"0,0.240"
1766818342.4939232,Pico->Unity,192.168.0.4,57140,127.0.0.1,5005,"0,0.240"
1766818342.5984223,Pico->Unity,192.168.0.4,57140,127.0.0.1,5005,"0,0.240"
1766818342.7009082,Pico->Unity,192.168.0.4,57140,127.0.0.1,5005,"0,0.239"
1766818342.7044275,Unity->Pico,127.0.0.1,65515,192.168.0.4,5001,"0,0.684"
1766818342.811233,Pico->Unity,192.168.0.4,57140,127.0.0.1,5005,"0,0.241"
1766818342.8243356,Unity->Pico,127.0.0.1,65515,192.168.0.4,5001,"0,0.739"
1766818342.902544,Pico->Unity,192.168.0.4,57140,127.0.0.1,5005,"0,0.240"
1766818342.925107,Unity->Pico,127.0.0.1,65515,192.168.0.4,5001,"0,0.712"
1766818343.0114703,Pico->Unity,192.168.0.4,57140,127.0.0.1,5005,"0,0.240"
1766818343.10687,Pico->Unity,192.168.0.4,57140,127.0.0.1,5005,"0,0.240"
1766818343.2139251,Pico->Unity,192.168.0.4,57140,127.0.0.1,5005,"0,0.240"
1766818343.310213,Pico->Unity,192.168.0.4,57140,127.0.0.1,5005,"0,0.240"
1766818343.415937,Pico->Unity,192.168.0.4,57140,127.0.0.1,5005,"0,0.240"
1766818343.5391085,Pico->Unity,192.168.0.4,57140,127.0.0.1,5005,"0,0.240"
1766818343.6216786,Pico->Unity,192.168.0.4,57140,127.0.0.1,5005,"0,0.240"
1766818343.7240214,Pico->Unity,192.168.0.4,57140,127.0.0.1,5005,"0,0.240"
1766818343.8248484,Pico->Unity,192.168.0.4,57140,127.0.0.1,5005,"0,0.237"
1766818343.8439586,Unity->Pico,127.0.0.1,65515,192.168.0.4,5001,"0,0.626"
1766818343.938565,Pico->Unity,192.168.0.4,57140,127.0.0.1,5005,"0,0.225"
1766818343.944493,Unity->Pico,127.0.0.1,65515,192.168.0.4,5001,"0,0.266"
1766818344.0296328,Pico->Unity,192.168.0.4,57140,127.0.0.1,5005,"0,0.223"
1766818344.0439584,Unity->Pico,127.0.0.1,65515,192.168.0.4,5001,"0,0.212"
1766818344.1331825,Pico->Unity,192.168.0.4,57140,127.0.0.1,5005,"0,0.223"
1766818344.2391815,Pico->Unity,192.168.0.4,57140,127.0.0.1,5005,"0,0.222"
1766818344.2431457,Unity->Pico,127.0.0.1,65515,192.168.0.4,5001,"0,0.187"
1766818344.3374968,Pico->Unity,192.168.0.4,57140,127.0.0.1,5005,"0,0.222"
1766818344.4398859,Pico->Unity,192.168.0.4,57140,127.0.0.1,5005,"0,0.222"
1766818344.546195,Pico->Unity,192.168.0.4,57140,127.0.0.1,5005,"0,0.222"
1766818344.6468496,Pico->Unity,192.168.0.4,57140,127.0.0.1,5005,"0,0.222"
1766818344.7514265,Pico->Unity,192.168.0.4,57140,127.0.0.1,5005,"0,0.222"
1766818344.8521779,Pico->Unity,192.168.0.4,57140,127.0.0.1,5005,"0,0.222"
1766818344.9587255,Pico->Unity,192.168.0.4,57140,127.0.0.1,5005,"0,0.222"
1766818345.0601192,Pico->Unity,192.168.0.4,57140,127.0.0.1,5005,"0,0.222"
1766818345.1619031,Pico->Unity,192.168.0.4,57140,127.0.0.1,5005,"0,0.219"
1766818345.183548,Unity->Pico,127.0.0.1,65515,192.168.0.4,5001,"0,0.117"
1766818345.2647004,Pico->Unity,192.168.0.4,57140,127.0.0.1,5005,"0,0.219"
1766818345.421822,Pico->Unity,192.168.0.4,57140,127.0.0.1,5005,"0,0.219"
1766818345.4700284,Pico->Unity,192.168.0.4,57140,127.0.0.1,5005,"0,0.219"
1766818345.573268,Pico->Unity,192.168.0.4,57140,127.0.0.1,5005,"0,0.219"
1766818345.6770656,Pico->Unity,192.168.0.4,57140,127.0.0.1,5005,"0,0.220"
1766818345.6832757,Unity->Pico,127.0.0.1,65515,192.168.0.4,5001,"0,0.139"
1766818345.7813065,Pico->Unity,192.168.0.4,57140,127.0.0.1,5005,"0,0.220"
1766818345.8815715,Pico->Unity,192.168.0.4,57140,127.0.0.1,5005,"0,0.220"
1766818346.000385,Pico->Unity,192.168.0.4,57140,127.0.0.1,5005,"0,0.220"
1766818346.1005042,Pico->Unity,192.168.0.4,57140,127.0.0.1,5005,"0,0.220"
1766818346.1911068,Pico->Unity,192.168.0.4,57140,127.0.0.1,5005,"0,0.220"
1766818346.2928557,Pico->Unity,192.168.0.4,57140,127.0.0.1,5005,"0,0.221"
1766818346.3038359,Unity->Pico,127.0.0.1,65515,192.168.0.4,5001,"0,0.162"
1766818346.3962708,Pico->Unity,192.168.0.4,57140,127.0.0.1,5005,"0,0.220"
1766818346.404164,Unity->Pico,127.0.0.1,65515,192.168.0.4,5001,"0,0.139"
1766818346.4998124,Pico->Unity,192.168.0.4,57140,127.0.0.1,5005,"0,0.221"
1766818346.5046604,Unity->Pico,127.0.0.1,65515,192.168.0.4,5001,"0,0.162"
1766818346.6029117,Pico->Unity,192.168.0.4,57140,127.0.0.1,5005,"0,0.220"
1766818346.6231222,Unity->Pico,127.0.0.1,65515,192.168.0.4,5001,"0,0.139"
1766818346.7051451,Pico->Unity,192.168.0.4,57140,127.0.0.1,5005,"0,0.222"
1766818346.7286294,Unity->Pico,127.0.0.1,65515,192.168.0.4,5001,"0,0.187"
1766818346.8098648,Pico->Unity,192.168.0.4,57140,127.0.0.1,5005,"0,0.222"
1766818346.9108543,Pico->Unity,192.168.0.4,57140,127.0.0.1,5005,"0,0.222"
1766818347.0158312,Pico->Unity,192.168.0.4,57140,127.0.0.1,5005,"0,0.221"
1766818347.0247939,Unity->Pico,127.0.0.1,65515,192.168.0.4,5001,"0,0.162"
1766818347.1173084,Pico->Unity,192.168.0.4,57140,127.0.0.1,5005,"0,0.221"
1766818347.2211192,Pico->Unity,192.168.0.4,57140,127.0.0.1,5005,"0,0.219"
1766818347.2243223,Unity->Pico,127.0.0.1,65515,192.168.0.4,5001,"0,0.117"
1766818347.3248081,Pico->Unity,192.168.0.4,57140,127.0.0.1,5005,"0,0.218"
1766818347.3437188,Unity->Pico,127.0.0.1,65515,192.168.0.4,5001,"0,0.097"
1766818347.4258134,Pico->Unity,192.168.0.4,57140,127.0.0.1,5005,"0,0.218"
1766818347.5290308,Pico->Unity,192.168.0.4,57140,127.0.0.1,5005,"0,0.218"
1766818347.6324434,Pico->Unity,192.168.0.4,57140,127.0.0.1,5005,"0,0.219"
1766818347.644288,Unity->Pico,127.0.0.1,65515,192.168.0.4,5001,"0,0.117"
1766818347.7351217,Pico->Unity,192.168.0.4,57140,127.0.0.1,5005,"0,0.219"
1766818347.8371685,Pico->Unity,192.168.0.4,57140,127.0.0.1,5005,"0,0.220"
1766818347.8429859,Unity->Pico,127.0.0.1,65515,192.168.0.4,5001,"0,0.139"
1766818347.9409347,Pico->Unity,192.168.0.4,57140,127.0.0.1,5005,"0,0.221"
1766818347.962152,Unity->Pico,127.0.0.1,65515,192.168.0.4,5001,"0,0.162"
1766818348.0447357,Pico->Unity,192.168.0.4,57140,127.0.0.1,5005,"0,0.222"
1766818348.0643868,Unity->Pico,127.0.0.1,65515,192.168.0.4,5001,"0,0.187"
1766818348.1474411,Pico->Unity,192.168.0.4,57140,127.0.0.1,5005,"0,0.222"
1766818348.2500687,Pico->Unity,192.168.0.4,57140,127.0.0.1,5005,"0,0.222"
1766818348.3525517,Pico->Unity,192.168.0.4,57140,127.0.0.1,5005,"0,0.222"
1766818348.4574573,Pico->Unity,192.168.0.4,57140,127.0.0.1,5005,"0,0.222"
1766818348.559291,Pico->Unity,192.168.0.4,57140,127.0.0.1,5005,"0,0.220"
1766818348.5641685,Unity->Pico,127.0.0.1,65515,192.168.0.4,5001,"0,0.139"
1766818348.662978,Pico->Unity,192.168.0.4,57140,127.0.0.1,5005,"0,0.218"
1766818348.6823378,Unity->Pico,127.0.0.1,65515,192.168.0.4,5001,"0,0.097"
1766818348.7641559,Pico->Unity,192.168.0.4,57140,127.0.0.1,5005,"0,0.218"
1766818348.8676858,Pico->Unity,192.168.0.4,57140,127.0.0.1,5005,"0,0.217"
1766818348.8845289,Unity->Pico,127.0.0.1,65515,192.168.0.4,5001,"0,0.078"
1766818348.9698946,Pico->Unity,192.168.0.4,57140,127.0.0.1,5005,"0,0.216"
1766818348.983114,Unity->Pico,127.0.0.1,65515,192.168.0.4,5001,"0,0.061"
1766818349.0743482,Pico->Unity,192.168.0.4,57140,127.0.0.1,5005,"0,0.216"
1766818349.1781788,Pico->Unity,192.168.0.4,57140,127.0.0.1,5005,"0,0.216"
1766818349.2819288,Pico->Unity,192.168.0.4,57140,127.0.0.1,5005,"0,0.216"
1766818349.385841,Pico->Unity,192.168.0.4,57140,127.0.0.1,5005,"0,0.218"
1766818349.4034336,Unity->Pico,127.0.0.1,65515,192.168.0.4,5001,"0,0.097"
1766818349.4877434,Pico->Unity,192.168.0.4,57140,127.0.0.1,5005,"0,0.219"
1766818349.5029328,Unity->Pico,127.0.0.1,65515,192.168.0.4,5001,"0,0.117"
1766818349.6044283,Pico->Unity,192.168.0.4,57140,127.0.0.1,5005,"0,0.219"
1766818349.7069864,Pico->Unity,192.168.0.4,57140,127.0.0.1,5005,"0,0.219"
1766818349.8097618,Pico->Unity,192.168.0.4,57140,127.0.0.1,5005,"0,0.219"
1766818349.8972192,Pico->Unity,192.168.0.4,57140,127.0.0.1,5005,"0,0.220"
1766818349.9033544,Unity->Pico,127.0.0.1,65515,192.168.0.4,5001,"0,0.139"
1766818350.0004761,Pico->Unity,192.168.0.4,57140,127.0.0.1,5005,"0,0.219"
1766818350.0035546,Unity->Pico,127.0.0.1,65515,192.168.0.4,5001,"0,0.117"
1766818350.118633,Pico->Unity,192.168.0.4,57140,127.0.0.1,5005,"0,0.220"
1766818350.1244035,Unity->Pico,127.0.0.1,65515,192.168.0.4,5001,"0,0.139"
1766818350.2086704,Pico->Unity,192.168.0.4,57140,127.0.0.1,5005,"0,0.219"
1766818350.223179,Unity->Pico,127.0.0.1,65515,192.168.0.4,5001,"0,0.117"
1766818350.3230457,Pico->Unity,192.168.0.4,57140,127.0.0.1,5005,"0,0.219"
1766818350.4239578,Pico->Unity,192.168.0.4,57140,127.0.0.1,5005,"0,0.219"
1766818350.5151954,Pico->Unity,192.168.0.4,57140,127.0.0.1,5005,"0,0.220"
1766818350.52315,Unity->Pico,127.0.0.1,65515,192.168.0.4,5001,"0,0.139"
1766818350.630382,Pico->Unity,192.168.0.4,57140,127.0.0.1,5005,"0,0.219"
1766818350.6434026,Unity->Pico,127.0.0.1,65515,192.168.0.4,5001,"0,0.117"
1766818350.731222,Pico->Unity,192.168.0.4,57140,127.0.0.1,5005,"0,0.219"
1766818350.8341157,Pico->Unity,192.168.0.4,57140,127.0.0.1,5005,"0,0.219"
1766818350.9364934,Pico->Unity,192.168.0.4,57140,127.0.0.1,5005,"0,0.219"
1766818351.055362,Pico->Unity,192.168.0.4,57140,127.0.0.1,5005,"0,0.219"
1766818351.1425061,Pico->Unity,192.168.0.4,57140,127.0.0.1,5005,"0,0.220"
1766818351.1645863,Unity->Pico,127.0.0.1,65515,192.168.0.4,5001,"0,0.139"
1766818351.2346945,Pico->Unity,192.168.0.4,57140,127.0.0.1,5005,"0,0.221"
1766818351.2438436,Unity->Pico,127.0.0.1,65515,192.168.0.4,5001,"0,0.162"
1766818351.3472536,Pico->Unity,192.168.0.4,57140,127.0.0.1,5005,"0,0.221"
1766818351.449097,Pico->Unity,192.168.0.4,57140,127.0.0.1,5005,"0,0.222"
1766818351.46252,Unity->Pico,127.0.0.1,65515,192.168.0.4,5001,"0,0.187"
1766818351.551879,Pico->Unity,192.168.0.4,57140,127.0.0.1,5005,"0,0.222"
1766818351.653745,Pico->Unity,192.168.0.4,57140,127.0.0.1,5005,"0,0.222"
1766818351.7544029,Pico->Unity,192.168.0.4,57140,127.0.0.1,5005,"0,0.222"
1766818351.857727,Pico->Unity,192.168.0.4,57140,127.0.0.1,5005,"0,0.222"
1766818351.9617422,Pico->Unity,192.168.0.4,57140,127.0.0.1,5005,"0,0.222"
1766818352.0762122,Pico->Unity,192.168.0.4,57140,127.0.0.1,5005,"0,0.222"
1766818352.1817226,Pico->Unity,192.168.0.4,57140,127.0.0.1,5005,"0,0.222"
1766818352.2723794,Pico->Unity,192.168.0.4,57140,127.0.0.1,5005,"0,0.221"
1766818352.2825987,Unity->Pico,127.0.0.1,65515,192.168.0.4,5001,"0,0.162"
1766818352.3903494,Pico->Unity,192.168.0.4,57140,127.0.0.1,5005,"0,0.222"
1766818352.4034562,Unity->Pico,127.0.0.1,65515,192.168.0.4,5001,"0,0.187"
1766818352.4885726,Pico->Unity,192.168.0.4,57140,127.0.0.1,5005,"0,0.221"
1766818352.5037966,Unity->Pico,127.0.0.1,65515,192.168.0.4,5001,"0,0.162"
1766818352.5773263,Pico->Unity,192.168.0.4,57140,127.0.0.1,5005,"0,0.222"
1766818352.583167,Unity->Pico,127.0.0.1,65515,192.168.0.4,5001,"0,0.187"
1766818352.676949,Pico->Unity,192.168.0.4,57140,127.0.0.1,5005,"0,0.222"
1766818352.7827158,Pico->Unity,192.168.0.4,57140,127.0.0.1,5005,"0,0.222"
1766818353.0265832,Pico->Unity,192.168.0.4,57140,127.0.0.1,5005,"0,0.221"
1766818353.0265832,Pico->Unity,192.168.0.4,57140,127.0.0.1,5005,"0,0.222"
1766818353.0879235,Pico->Unity,192.168.0.4,57140,127.0.0.1,5005,"0,0.221"
1766818353.1040504,Unity->Pico,127.0.0.1,65515,192.168.0.4,5001,"0,0.162"
1766818353.190873,Pico->Unity,192.168.0.4,57140,127.0.0.1,5005,"0,0.222"
1766818353.2040565,Unity->Pico,127.0.0.1,65515,192.168.0.4,5001,"0,0.187"
1766818353.2909772,Pico->Unity,192.168.0.4,57140,127.0.0.1,5005,"0,0.222"
1766818353.3967533,Pico->Unity,192.168.0.4,57140,127.0.0.1,5005,"0,0.222"
1766818353.4980798,Pico->Unity,192.168.0.4,57140,127.0.0.1,5005,"0,0.221"
1766818353.503341,Unity->Pico,127.0.0.1,65515,192.168.0.4,5001,"0,0.162"
1766818353.6011894,Pico->Unity,192.168.0.4,57140,127.0.0.1,5005,"0,0.221"
1766818353.7034228,Pico->Unity,192.168.0.4,57140,127.0.0.1,5005,"0,0.222"
1766818353.7233443,Unity->Pico,127.0.0.1,65515,192.168.0.4,5001,"0,0.187"
1766818353.8075387,Pico->Unity,192.168.0.4,57140,127.0.0.1,5005,"0,0.222"
1766818353.92459,Pico->Unity,192.168.0.4,57140,127.0.0.1,5005,"0,0.221"
1766818353.944339,Unity->Pico,127.0.0.1,65515,192.168.0.4,5001,"0,0.162"
1766818354.0107014,Pico->Unity,192.168.0.4,57140,127.0.0.1,5005,"0,0.221"
1766818354.1143475,Pico->Unity,192.168.0.4,57140,127.0.0.1,5005,"0,0.219"
1766818354.124063,Unity->Pico,127.0.0.1,65515,192.168.0.4,5001,"0,0.117"
1766818354.2169454,Pico->Unity,192.168.0.4,57140,127.0.0.1,5005,"0,0.219"
1766818354.3196816,Pico->Unity,192.168.0.4,57140,127.0.0.1,5005,"0,0.219"
1766818354.4230852,Pico->Unity,192.168.0.4,57140,127.0.0.1,5005,"0,0.219"
1766818354.53815,Pico->Unity,192.168.0.4,57140,127.0.0.1,5005,"0,0.220"
1766818354.5428307,Unity->Pico,127.0.0.1,65515,192.168.0.4,5001,"0,0.139"
1766818354.6396427,Pico->Unity,192.168.0.4,57140,127.0.0.1,5005,"0,0.220"
1766818354.7368164,Pico->Unity,192.168.0.4,57140,127.0.0.1,5005,"0,0.220"
1766818354.9482806,Pico->Unity,192.168.0.4,57140,127.0.0.1,5005,"0,0.220"
1766818354.949615,Pico->Unity,192.168.0.4,57140,127.0.0.1,5005,"0,0.222"
1766818354.9651096,Unity->Pico,127.0.0.1,65515,192.168.0.4,5001,"0,0.187"
1766818355.0513,Pico->Unity,192.168.0.4,57140,127.0.0.1,5005,"0,0.221"
1766818355.0641403,Unity->Pico,127.0.0.1,65515,192.168.0.4,5001,"0,0.162"
1766818355.1492143,Pico->Unity,192.168.0.4,57140,127.0.0.1,5005,"0,0.219"
1766818355.16295,Unity->Pico,127.0.0.1,65515,192.168.0.4,5001,"0,0.117"
1766818355.254842,Pico->Unity,192.168.0.4,57140,127.0.0.1,5005,"0,0.218"
1766818355.2636304,Unity->Pico,127.0.0.1,65515,192.168.0.4,5001,"0,0.097"
1766818355.3568685,Pico->Unity,192.168.0.4,57140,127.0.0.1,5005,"0,0.218"
1766818355.4698298,Pico->Unity,192.168.0.4,57140,127.0.0.1,5005,"0,0.218"
1766818355.6676626,Pico->Unity,192.168.0.4,57140,127.0.0.1,5005,"0,0.219"
1766818355.6676626,Pico->Unity,192.168.0.4,57140,127.0.0.1,5005,"0,0.219"
1766818355.683946,Unity->Pico,127.0.0.1,65515,192.168.0.4,5001,"0,0.117"
1766818355.762754,Pico->Unity,192.168.0.4,57140,127.0.0.1,5005,"0,0.220"
1766818355.7833247,Unity->Pico,127.0.0.1,65515,192.168.0.4,5001,"0,0.139"
1766818355.8653584,Pico->Unity,192.168.0.4,57140,127.0.0.1,5005,"0,0.220"
1766818355.9704146,Pico->Unity,192.168.0.4,57140,127.0.0.1,5005,"0,0.220"
1766818356.0762541,Pico->Unity,192.168.0.4,57140,127.0.0.1,5005,"0,0.220"
1766818356.1735618,Pico->Unity,192.168.0.4,57140,127.0.0.1,5005,"0,0.220"
1766818356.278054,Pico->Unity,192.168.0.4,57140,127.0.0.1,5005,"0,0.221"
1766818356.2827706,Unity->Pico,127.0.0.1,65515,192.168.0.4,5001,"0,0.162"
1766818356.379688,Pico->Unity,192.168.0.4,57140,127.0.0.1,5005,"0,0.221"
1766818356.4809806,Pico->Unity,192.168.0.4,57140,127.0.0.1,5005,"0,0.221"
1766818356.6200855,Pico->Unity,192.168.0.4,57140,127.0.0.1,5005,"0,0.221"
1766818356.6893322,Pico->Unity,192.168.0.4,57140,127.0.0.1,5005,"0,0.220"
1766818356.705917,Unity->Pico,127.0.0.1,65515,192.168.0.4,5001,"0,0.139"
1766818356.7910953,Pico->Unity,192.168.0.4,57140,127.0.0.1,5005,"0,0.221"
1766818356.803517,Unity->Pico,127.0.0.1,65515,192.168.0.4,5001,"0,0.162"
1766818356.8920512,Pico->Unity,192.168.0.4,57140,127.0.0.1,5005,"0,0.220"
1766818356.9035149,Unity->Pico,127.0.0.1,65515,192.168.0.4,5001,"0,0.139"
1766818356.9950857,Pico->Unity,192.168.0.4,57140,127.0.0.1,5005,"0,0.220"
1766818357.0969436,Pico->Unity,192.168.0.4,57140,127.0.0.1,5005,"0,0.220"
1766818357.2000096,Pico->Unity,192.168.0.4,57140,127.0.0.1,5005,"0,0.221"
1766818357.2050514,Unity->Pico,127.0.0.1,65515,192.168.0.4,5001,"0,0.162"
1766818357.3014395,Pico->Unity,192.168.0.4,57140,127.0.0.1,5005,"0,0.220"
1766818357.323708,Unity->Pico,127.0.0.1,65515,192.168.0.4,5001,"0,0.139"
1766818357.404321,Pico->Unity,192.168.0.4,57140,127.0.0.1,5005,"0,0.220"
1766818357.5071013,Pico->Unity,192.168.0.4,57140,127.0.0.1,5005,"0,0.220"
1766818357.6101866,Pico->Unity,192.168.0.4,57140,127.0.0.1,5005,"0,0.220"
1766818357.7117355,Pico->Unity,192.168.0.4,57140,127.0.0.1,5005,"0,0.220"
1766818357.8159137,Pico->Unity,192.168.0.4,57140,127.0.0.1,5005,"0,0.221"
1766818357.8232694,Unity->Pico,127.0.0.1,65515,192.168.0.4,5001,"0,0.162"
1766818357.919334,Pico->Unity,192.168.0.4,57140,127.0.0.1,5005,"0,0.220"
1766818357.9229386,Unity->Pico,127.0.0.1,65515,192.168.0.4,5001,"0,0.139"
1766818358.0377991,Pico->Unity,192.168.0.4,57140,127.0.0.1,5005,"0,0.221"
1766818358.043659,Unity->Pico,127.0.0.1,65515,192.168.0.4,5001,"0,0.162"
1766818358.1254787,Pico->Unity,192.168.0.4,57140,127.0.0.1,5005,"0,0.220"
1766818358.1436656,Unity->Pico,127.0.0.1,65515,192.168.0.4,5001,"0,0.139"
1766818358.2275481,Pico->Unity,192.168.0.4,57140,127.0.0.1,5005,"0,0.220"
1766818358.3293834,Pico->Unity,192.168.0.4,57140,127.0.0.1,5005,"0,0.220"
1766818358.4328265,Pico->Unity,192.168.0.4,57140,127.0.0.1,5005,"0,0.221"
1766818358.4425828,Unity->Pico,127.0.0.1,65515,192.168.0.4,5001,"0,0.162"
1766818358.5360346,Pico->Unity,192.168.0.4,57140,127.0.0.1,5005,"0,0.220"
1766818358.5432606,Unity->Pico,127.0.0.1,65515,192.168.0.4,5001,"0,0.139"
1766818358.679215,Pico->Unity,192.168.0.4,57140,127.0.0.1,5005,"0,0.221"
1766818358.6835392,Unity->Pico,127.0.0.1,65515,192.168.0.4,5001,"0,0.162"
1766818358.7409713,Pico->Unity,192.168.0.4,57140,127.0.0.1,5005,"0,0.220"
1766818358.7434895,Unity->Pico,127.0.0.1,65515,192.168.0.4,5001,"0,0.139"
1766818358.8487492,Pico->Unity,192.168.0.4,57140,127.0.0.1,5005,"0,0.220"
1766818358.9593797,Pico->Unity,192.168.0.4,57140,127.0.0.1,5005,"0,0.221"
1766818359.0548346,Pico->Unity,192.168.0.4,57140,127.0.0.1,5005,"0,0.221"
1766818359.158965,Pico->Unity,192.168.0.4,57140,127.0.0.1,5005,"0,0.220"
1766818359.2586007,Pico->Unity,192.168.0.4,57140,127.0.0.1,5005,"0,0.220"
1766818359.3615859,Pico->Unity,192.168.0.4,57140,127.0.0.1,5005,"0,0.221"
1766818359.463354,Pico->Unity,192.168.0.4,57140,127.0.0.1,5005,"0,0.220"
1766818359.567245,Pico->Unity,192.168.0.4,57140,127.0.0.1,5005,"0,0.221"
1766818359.669873,Pico->Unity,192.168.0.4,57140,127.0.0.1,5005,"0,0.220"
1766818359.7716274,Pico->Unity,192.168.0.4,57140,127.0.0.1,5005,"0,0.221"
1766818359.8772752,Pico->Unity,192.168.0.4,57140,127.0.0.1,5005,"0,0.221"
1766818359.9791706,Pico->Unity,192.168.0.4,57140,127.0.0.1,5005,"0,0.220"
1766818360.0835438,Pico->Unity,192.168.0.4,57140,127.0.0.1,5005,"0,0.220"
1766818360.1842303,Pico->Unity,192.168.0.4,57140,127.0.0.1,5005,"0,0.220"
1766818360.286319,Pico->Unity,192.168.0.4,57140,127.0.0.1,5005,"0,0.221"
1766818360.389215,Pico->Unity,192.168.0.4,57140,127.0.0.1,5005,"0,0.221"
1766818360.4923537,Pico->Unity,192.168.0.4,57140,127.0.0.1,5005,"0,0.220"
1766818360.5964937,Pico->Unity,192.168.0.4,57140,127.0.0.1,5005,"0,0.220"
1766818360.698327,Pico->Unity,192.168.0.4,57140,127.0.0.1,5005,"0,0.221"
1766818360.8020911,Pico->Unity,192.168.0.4,57140,127.0.0.1,5005,"0,0.220"
1766818360.9056427,Pico->Unity,192.168.0.4,57140,127.0.0.1,5005,"0,0.220"
1766818361.0074966,Pico->Unity,192.168.0.4,57140,127.0.0.1,5005,"0,0.220"
1766818361.1102593,Pico->Unity,192.168.0.4,57140,127.0.0.1,5005,"0,0.220"
1766818361.2126763,Pico->Unity,192.168.0.4,57140,127.0.0.1,5005,"0,0.220"
1766818361.5026197,Pico->Unity,192.168.0.4,57140,127.0.0.1,5005,"0,0.220"
1766818361.5026197,Pico->Unity,192.168.0.4,57140,127.0.0.1,5005,"0,0.220"
1766818361.5398023,Pico->Unity,192.168.0.4,57140,127.0.0.1,5005,"0,0.221"
1766818361.794808,Pico->Unity,192.168.0.4,57140,127.0.0.1,5005,"0,0.221"
1766818361.7958145,Pico->Unity,192.168.0.4,57140,127.0.0.1,5005,"0,0.221"
1766818361.8458276,Pico->Unity,192.168.0.4,57140,127.0.0.1,5005,"0,0.220"
1766818362.1299834,Pico->Unity,192.168.0.4,57140,127.0.0.1,5005,"0,0.221"
1766818362.1299834,Pico->Unity,192.168.0.4,57140,127.0.0.1,5005,"0,0.221"
1766818362.1534102,Pico->Unity,192.168.0.4,57140,127.0.0.1,5005,"0,0.220"
1766818362.4662497,Pico->Unity,192.168.0.4,57140,127.0.0.1,5005,"0,0.221"
1766818362.4667566,Pico->Unity,192.168.0.4,57140,127.0.0.1,5005,"0,0.221"
1766818362.4667566,Pico->Unity,192.168.0.4,57140,127.0.0.1,5005,"0,0.221"
1766818362.7471468,Pico->Unity,192.168.0.4,57140,127.0.0.1,5005,"0,0.220"
1766818362.7471468,Pico->Unity,192.168.0.4,57140,127.0.0.1,5005,"0,0.219"
1766818362.770474,Pico->Unity,192.168.0.4,57140,127.0.0.1,5005,"0,0.220"
1766818363.081031,Pico->Unity,192.168.0.4,57140,127.0.0.1,5005,"0,0.220"
1766818363.081031,Pico->Unity,192.168.0.4,57140,127.0.0.1,5005,"0,0.220"
1766818363.081031,Pico->Unity,192.168.0.4,57140,127.0.0.1,5005,"0,0.221"
1766818363.396378,Pico->Unity,192.168.0.4,57140,127.0.0.1,5005,"0,0.220"
1766818363.396378,Pico->Unity,192.168.0.4,57140,127.0.0.1,5005,"0,0.221"
1766818363.396378,Pico->Unity,192.168.0.4,57140,127.0.0.1,5005,"0,0.220"
1766818363.7245393,Pico->Unity,192.168.0.4,57140,127.0.0.1,5005,"0,0.221"
1766818363.7245393,Pico->Unity,192.168.0.4,57140,127.0.0.1,5005,"0,0.221"
1766818363.7245393,Pico->Unity,192.168.0.4,57140,127.0.0.1,5005,"0,0.220"
1766818363.9044251,Pico->Unity,192.168.0.4,57140,127.0.0.1,5005,"0,0.221"
1766818363.9044251,Pico->Unity,192.168.0.4,57140,127.0.0.1,5005,"0,0.220"
1766818363.9996483,Pico->Unity,192.168.0.4,57140,127.0.0.1,5005,"0,0.220"
1766818364.0981624,Pico->Unity,192.168.0.4,57140,127.0.0.1,5005,"0,0.221"
1766818364.1995084,Pico->Unity,192.168.0.4,57140,127.0.0.1,5005,"0,0.220"
1766818364.3029566,Pico->Unity,192.168.0.4,57140,127.0.0.1,5005,"0,0.220"
1766818364.407729,Pico->Unity,192.168.0.4,57140,127.0.0.1,5005,"0,0.220"
